https://www.rolecosplay.com/eva-asuka-langley-combat-suit-cosplay-costume.html	EVA Asuka Langley Combat Suit Cosplay Costume	66	Rolecos	Eva	Asuka Langley	Bodysuit, carapace, socks, gloves	Stretch leather	9
https://www.rolecosplay.com/tokidoki-sotto-roshiago-de-dereru-tonari-no-aarya-san-masha-cosplay-costume.html	Alya Sometimes Hides Her Feelings in Russian Masha Cosplay Costume	81	Rolecos	Alya Sometimes Hides Her Feelings in Russian	Masha	-	-	0
https://www.rolecosplay.com/eva-asuka-langley-soryu-combat-suit-cosplay-costume-pre-sale.html	EVA Asuka Langley SHIKINAMI Combat Suit Cosplay Costume	66	Rolecos	Eva	Asuka Langley	Bodysuit, carapace, socks, gloves, hair accessories	Stretch leather	9
https://www.rolecosplay.com/eva-rei-cat-white-cosplay-costume.html	【In Stock】Evangelion Rei Ayanami Cosplay Costume Cat Rei Cosplay Costume	46.15	Rolecos	EVA	White Cat Rei	jumpsuit*2, gloves, chokers,  horn headdress *1, stockings *2, accessories*2	Stretch milk silk	1
https://www.rolecosplay.com/2-5-dimensional-seduction-lilysa-amano-cosplay-costume.html	2.5 Dimensional Seduction Lilysa Amano Cosplay Costume	68	Rolecos	2.5 Jigen no Ririsa	Lilysa Amano	-	-	0
https://www.rolecosplay.com/nitengo-jigen-no-ririsa-aria-kisaki-lilysa-mikari-tachibana-cosplay-costume.html	Nitengo Jigen no Ririsa Aria Kisaki Lilysa Mikari Tachibana Cosplay Costume	68	Rolecos	2.5 Jigen no Ririsa/2.5 Dimensional Seduction	Lilysa Amano, Aria Kisaki, Mikari Tachibana	-	-	0
https://www.rolecosplay.com/rolecosplay-pokemon-irida-cosplay-costume.html	RoleCosplay Pokémon Irida Cosplay Costume	79	-	-	-	-	-	0
https://www.rolecosplay.com/eva-asuka-langley-soryu-orange-long-cosplay-wigs.html	EVA Asuka Langley Soryu Orange Long Cosplay Wigs	19.99	Rolecos	EVA	Asuka Langley Soryu	1pc wig +1pc free wig cap	Synthetic High Temp Fiber	0
https://www.rolecosplay.com/higurashi-no-naku-koro-ni-gou-ryuuguu-rena-uniform-cosplay-costume.html	Higurashi: When They Cry – Gou Ryuuguu Rena Casual Uniform Cosplay Costume	33.23	Rolecos	Higurashi no Naku Koro ni Gou	Ryuuguu Rena	Dress, hat, wristband	Uniform	2
https://www.rolecosplay.com/danganronpa-trigger-happy-havoc-mikan-tsumiki-cosplay-costume.html	【Last Batch】【In Stock】Danganronpa: Trigger Happy Havoc  Mikan Tsumiki Cosplay Costume	9.99	-	-	-	Short sleeve shirt, apron, skirt, bandage	Uniform cloth	10
https://www.rolecosplay.com/presale-action-role-playing-video-game-nier-mechanical-era-game-2b-cosplay-costumes.html	Action Role-Playing Video Game Nier: Automata Game 2b Cosplay Costumes	42.46	Rolecos	Game Costume	2b	-	polyester	10
https://www.rolecosplay.com/demon-slayer-kanroji-mitsuri-female-uniform-cosplay-costume.html	Demon Slayer Kanroji Mitsuri Female Uniform Cosplay Costume	62.7	Rolecos	Demon Slayer	Kanroji Mitsuri	Shirt, skirt, top, coat, belt, socks	polyester	12
https://www.rolecosplay.com/mesmerizer-teto-cosplay-costume-halloween-costume.html	Mesmerizer Teto Cosplay Costume Halloween Costume	47.07	Rolecos	-	Mesmerizer Teto	Shirt, pants, hat, gloves, tie, badge	-	0
https://www.rolecosplay.com/darling-in-the-franxx-anime-cosplay-costume-02-zero-two-women-costume-full-sets.html	【Last Batch】【In Stock】DARLING in the FRANXX Anime Cosplay Costumes 02 Zero Two Women Costume Full Sets	9.99	-	DARLING in the FRANXX	Zero Two	Dress	Chiffon, suiting	25
https://www.rolecosplay.com/demon-slayer-kanroji-mitsuri-pink-mixed-green-weave-long-coaplay-wigs.html	Demon Slayer Kanroji Mitsuri Pink Mixed Green Weave Long Coaplay Wigs	19.99	Rolecos	Demon Slayer	Kanroji Mitsuri	1pc wig +1pc free wig cap	Synthetic High Temp Fiber	8
https://www.rolecosplay.com/cyberpunk-edgerunners-2077-david-halloween-cosplay-costume.html	Cyberpunk Edgerunners 2077 David Halloween Cosplay Costume	29.99	Rolecos	Cyberpunk Edgerunners	David	Coat, necklace, pants, T-shirt	Matte Laser PU	5
https://www.rolecosplay.com/tokidoki-sotto-roshiago-de-dereru-tonari-no-aarya-san-alisa-jk-uniform-cosplay-costume.html	Alya Sometimes Hides Her Feelings in Russian Alisa JK Uniform Cosplay Costume	79	Rolecos	Alya Sometimes Hides Her Feelings in Russian	Alisa Mikhaylovna Kujō	-	-	0
https://www.rolecosplay.com/darling-in-the-franxx-anime-cosplay-costumes-02-zero-two-bunny-girl-cosplay-costume.html	【Ready To Ship】DARLING in the FRANXX Anime Cosplay Costumes 02 Zero Two Bunny Girl Cosplay Costume	35.99	Rolecos	DARLING in the FRANXX	02	Headband, bow tie, jumpsuit, collar, bracelet, stockings, armband	Leather	17
https://www.rolecosplay.com/eva-asuka-bunny-girl-cosplay-costume-pre-sale.html	EVA asuka Fanart Bunny Girl Cosplay Costume	32.69	Rolecos	EVA	asuka Fanart	Bodysuit, Bracelet, Ears, Gloves, Collar, Eye Mask, Pom	PU	1
https://www.rolecosplay.com/fruits-basket-tohru-honda-japanese-anime-cosplay-custume-made-customized.html	Fruits Basket Honda Tooru Japanese Anime Cosplay Custume 	38.26	Rolecos	Fruits Basket	Tohru Honda	Top, skirt, bow tie,Headwear	polyester	4
https://www.rolecosplay.com/hololive-english-vtuber-gawr-gura-cosplay-costume-wig-pre-sale.html	Hololive English Vtuber Gawr Gura Cosplay Costume With Tail	49.99	Rolecos	Vtuber	Gawr Gura	Hat, sweater, headwear, socks, tail	Printing	14
https://www.rolecosplay.com/jujutsu-kaisen-sorcery-fight-suguru-geto-uniform-cosplay-costume.html	Jujutsu Kaisen Sorcery Fight Suguru Geto Uniform Cosplay Costume	20	Rolecos	Jujutsu Kaisen	Suguru Geto	Top,Pants	Uniform	1
https://www.rolecosplay.com/33cm-short-light-blue-anime-evangelion-cosplay-wig.html	EVA Ayanami Rei Short Light Blue Cosplay Wigs	9.22	Rolecos	Neon Genesis Evangelion	Ayanami Rei	1pc wig +1pc free wig cap	Synthetic High Temp Fiber	3
https://www.rolecosplay.com/inuyasha-red-kimono-cosplay-costume.html	InuYasha Red Kimono Cosplay Costume	47.990000	Rolecos	InuYasha	InuYasha	-	Chiffon	5
https://www.rolecosplay.com/kamisama-kiss-nanami-momozono-girl-yellow-suit-uniform-anime-cosplay-costumes.html	Kamisama Kiss Nanami Momozono Girl Yellow Suit Uniform Anime Cosplay Costumes	30.99	Rolecos	Kamisama Kiss	Nanami Momozono	-	Uniform cloth	1
https://www.rolecosplay.com/seishun-buta-yarou-wa-bunny-girl-senpai-no-yume-wo-minai-sakurajima-mai-bunny-girl-cosplay-costume.html	Seishun Buta Yarou wa Bunny Girl Senpai no Yume wo Minai  Sakurajima Mai  Bunny girl Cosplay Costume	35.58	Rolecos	Seishun Buta Yarou wa Bunny Girl Senpai no Yume wo Minai	Sakurajima Mai	Headband, bow tie, jumpsuit, collar, bracelet, stockings	Leather	34
https://www.rolecosplay.com/demon-slayer-uzui-tengen-male-uniform-cosplay-costume.html	Demon Slayer Entertainment District Arc Uzui Tengen Male Uniform Cosplay Costume	61	Rolecos	Demon Slayer	Uzui Tengen	Top, pants, belt, bracelet, gauntlet, leg cover, headband, toe socks	Polyester	2
https://www.rolecosplay.com/spy-family-forger-yor-full-set-cosplay-costume.html	SPY×FAMILY Forger Yor Full Set Cosplay Costume	46.15	Rolecos	SPY×FAMILY	Forger Yor	dress, stockings, gloves, headwear, earrings	PU	0
https://www.rolecosplay.com/anime-one-piece-roronoa-zoro-kimono-cosplay-costume.html	Anime One Piece Roronoa Zoro Kimono Cosplay Costume	42.46	Rolecos	One Piece	Roronoa Zoro	Belt, kimono, lining	Uniform Cloth	1
https://www.rolecosplay.com/90-cm-lang-darling-in-the-franxx-kokoro-gray-anime-cosplay-wigs.html	90 cm Long DARLING in the FRANXX KOKORO  Gray  Anime Cosplay Wigs	9.5	Rolecos	DARLING in the FRANXX	KOKORO	1pc wig +1pc free wig cap	Synthetic High Temp Fiber	9
https://www.rolecosplay.com/demon-slayer-kochou-shinobu-short-purple-gradient-color-cosplay-wigs.html	Demon Slayer Kochou Shinobu Short Purple Gradient Color Cosplay Wigs	12.99	Rolecos	Demon Slayer	Kochou Shinobu	1pc wig +1pc free wig cap	Synthetic High Temp Fiber	13
https://www.rolecosplay.com/my-hero-academia-miruko-cosplay-costume.html	BNHA MHA Rabbit Hero Miruko Jumpsuit Cosplay Costume	47.84	Rolecos	My Hero Academia	Miruko	Jumpsuit, belt, gloves, scarf, hairy ears, socks	lycra	11
https://www.rolecosplay.com/game-genshin-impact-xinyan-cosplay-costume-pre-sale.html	【Last Batch】【Ready To Ship】Game Genshin Impact Xinyan Cosplay Costume	15.44	Rolecos	Genshin Impact	Xinyan	Collar, top, dress, gloves, leg loops, 1 fishnet stocking, 1 white socks, 4 finger rings, leggings	Printing	5
https://www.rolecosplay.com/oshi-no-ko-ruby-hoshino-cosplay-costume.html	OSHI NO KO Ruby Hoshino Cosplay Costume	43.09	Rolecos	OSHI NO KO	Ruby Hoshino	Coat, shirt, socks, bow tie, skirt	Uniform cloth	0
https://www.rolecosplay.com/frieren-beyond-journey-s-end-frieren-cosplay-costume.html	Frieren Beyond Journey's End Frieren Cosplay Costume	40	Rolecos	Frieren: Beyond Journey's End	Frieren	Dress, cape, scarf, belt, ear clips,elf ears, stockings	Leather,Polyester	0
https://www.rolecosplay.com/anime-fullmetal-alchemist-edward-elric-cosplay-costume-generation-one-full-set.html	Anime Fullmetal Alchemist Edward Elric Cosplay Costume Generation One Full Set 	68.98	Rolecos	Fullmetal Alchemist	Edward Elric	-	Uniform cloth	2
https://www.rolecosplay.com/boruto-naruto-the-movie-naruto-uzumaki-cosplay-costumes.html	Naruto The Movie Uzumaki Cosplay Costumes	30.110000	Rolecos	Naruto	Naruto Uzumaki	-	Uniform cloth	0
https://www.rolecosplay.com/tate-no-yuusha-no-nariagari-naofumi-iwatani-cosplay-costume-full-sets.html	The Rising of the Shield Hero Naofumi Iwatani Cosplay Costume Full Sets	98.46	Rolecos	The Rising of the Shield Hero (Tate no Yuusha no Nariagari)	Naofumi Iwatani	Breastplate, pants, gloves, leg sleeves, belt armor, cloak, bag, belt	Polyester	7
https://www.rolecosplay.com/demon-slayer-uzui-tengen-2-style-white-cosplay-wigs-no-headwear.html	Demon Slayer Uzui Tengen 2 Style White Cosplay Wigs No Headwear	16.99	Rolecos	Demon Slayer	Uzui Tengen	1pc wig +1pc free wig cap	Synthetic High Temp Fiber	0
https://www.rolecosplay.com/game-genshin-impact-venti-suit-cosplay-costume.html	Game Genshin Impact Venti Suit Cosplay Costume	55.38	Rolecos	Genshin Impact	Venti	Short, shirt, girdle, hat, shawl, waist accessories, socks	Polyester	3
https://www.rolecosplay.com/anime-lol-arcane-jinx-tattoo-sticker-headwear-cosplay-prop.html	Anime LOL Arcane Jinx Tattoo Sticker Headwear Cosplay Prop	5.99	Rolecos	LOL Arcane	Jinx	-	-	0
https://www.rolecosplay.com/bleach-shunsui-kyoraku-kimono-cosplay-costume.html	Bleach Shunsui Kyōraku Kimono Cosplay Costume	116.3	Rolecos	Bleach	Shunsui Kyōraku	kimono, belt, robe, pants	Uniform	1
https://www.rolecosplay.com/kakegurui-uniform-outfits-cosplay-costume.html	【Ready To Ship】Kakegurui Yumeko Mary Uniform Outfits Cosplay Costume	9.99	Rolecos	Kakegurui	Yomozuki Runa/Yumeko Jabami/Saotome Meari	Shirt, jacket, skirt, bow tie	Uniform	3
https://www.rolecosplay.com/frieren-beyond-journey-s-end-frieren-cosplay-wigs.html	Frieren Beyond Journey's End Frieren Cosplay Wigs	15.38	Rolecos	Frieren Beyond Journey's End	Frieren	1pc wig +1pc free wig cap	Synthetic High Temp Fiber	0
https://www.rolecosplay.com/bungou-stray-dogs-chuya-nakahara-anime-cosplay-costumes.html	Bungou Stray Dogs Chūya Nakahara Anime Cosplay Costumes	61.96	Rolecos	Bungou Stray Dogs	Chūya Nakahara	-	Uniform cloth	2
https://www.rolecosplay.com/bungou-stray-dogs-osamu-dazai-black-era-anime-cosplay-outfits-costumes.html	Bungou Stray Dogs Osamu Dazai Black Era Anime Cosplay Outfits Costumes	37.23	Rolecos	Bungou Stray Dogs	Osamu Dazai	-	Uniform cloth	6
https://www.rolecosplay.com/65cm-long-black-and-pink-kizuna-ai-cosplay-wigs.html	65cm Long Kizuna AI Cosplay Wigs Black and Pink Woman Wigs	17.88	Rolecos	-	Kizuna AI	1pc wig +1pc free wig cap	Synthetic High Temp Fiber	3
https://www.rolecosplay.com/attack-on-titan-levi-the-recon-corps-wings-of-freedom-cloak-cosplay-costume.html	Attack On Titan Levi The Recon Corps Wings of Freedom Cloak Cosplay Costume	11.99	Rolecos	Attack On Titan	Levi	Cloak	Uniform	3
https://www.rolecosplay.com/demon-slayer-tokitou-muichirou-male-uniform-cosplay-costume.html	Demon Slayer Tokitou Muichirou Male Uniform Cosplay Costume	26.15	Rolecos	Demon Slayer	Tokitou Muichirou	Top, pants, belt	polyester	4
https://www.rolecosplay.com/jujutsu-kaisen-sorcery-fight-gojou-satoru-fushiguro-megumi-inumaki-toge-uniform-cosplay-costume.html	Jujutsu Kaisen Sorcery Fight Gojou Satoru Fushiguro Megumi Inumaki Toge Uniform Cosplay Costume	57.52	Rolecos	Jujutsu Kaisen	Gojou Satoru /Fushiguro Megumi /Inumaki Toge	Top,Pants/Top,Pants,Blindfold	Uniform	0
https://www.rolecosplay.com/jujutsu-kaisen-sorcery-fight-suguru-geto-surplice-cosplay-costume.html	Jujutsu Kaisen Sorcery Fight Suguru Geto Surplice Cosplay Costume	64.99	Rolecos	Jujutsu Kaisen	Suguru Geto	Pants, kimono, surplice, socks	Uniform	2
https://www.rolecosplay.com/jujutsu-kaisen-sorcery-fight-getou-suguru-mahito-miwa-kasumi-nanami-kento-cosplay-wigs.html	Jujutsu Kaisen Sorcery Fight Getou Suguru/	Mahito/Miwa Kasumi/Nanami Kento Cosplay Wigs	13.59	Rolecos	Jujutsu Kaisen	Getou Suguru/	Mahito/Miwa Kasumi/Nanami Kento	1pc wig +1pc free wig cap	Synthetic High Temp Fiber	0
https://www.rolecosplay.com/chainsaw-man-makima-orange-weave-cosplay-wigs.html	Chainsaw Man Makima Orange Weave Cosplay Wigs	14.99	Rolecos	Chainsaw Man	Makima	1pc wig +1pc free wig cap	Synthetic High Temp Fiber	0
https://www.rolecosplay.com/demon-slayer-iguro-obanai-short-black-cosplay-wigs.html	Demon Slayer Iguro Obanai Short Black Cosplay Wigs	6.5	Rolecos	Blade of Demon / Kimetsu no Yaiba	Iguro Obanai	1pc wig +1pc free wig cap	Synthetic High Temp Fiber	0
https://www.rolecosplay.com/genshin-impact-arataki-itto-cosplay-costume-pre-sale.html	【Last Batch】【Ready To Ship】Genshin Impact Arataki Itto Cosplay Costume	25.99	Rolecos	Genshin Impact	Arataki Itto	Coat, pants, lining, accessories, belt	Worsted	10
https://www.rolecosplay.com/spy-family-forger-yor-black-long-cosplay-wigs.html	SPY×FAMILY Forger Yor Black Long Cosplay Wigs	17.5	Rolecos	SPY×FAMILY	Forger Yor	1pc wig +1pc free wig cap	Synthetic High Temp Fiber	0
https://www.rolecosplay.com/danganronpa-enoshima-junko-bunny-girl-cosplay-costume.html	Danganronpa Enoshima Junko Bunny Girl Cosplay Costume	31.25	Rolecos	Danganronpa	Enoshima Junko Bunny Girl	Rabbit ears, fishnet stockings, armbands, bracelets, bow ties, fluffy ball	PU	1
https://www.rolecosplay.com/demon-slayer-hotaru-haganezuka-komino-cosplay-costume.html	Demon Slayer Hotaru Haganezuka Komino Cosplay Costume	49.33	Rolecos	Demon Slayer  Cosplay Costume	Hotaru Haganezuka	Komino , belt	Uniform	0
https://www.rolecosplay.com/oshi-no-ko-ai-hoshino-premium-edition-cosplay-costume.html	OSHI NO KO Ai Hoshino Premium Edition Cosplay Costume	41.66	Rolecos	OSHI NO KO	Ai Hoshino Premium Edition	Dress, gloves, belt, headwear	Uniform cloth	2
https://www.rolecosplay.com/anime-one-piece-luffy-cosplay-costume.html	Anime One Piece Luffy Cosplay Costume	24.61	Rolecos	One Piece	Luffy	Top, pants, hat, strap	Polyester	2
https://www.rolecosplay.com/customize-code-geass-lelouch-vi-britannia-lamperouge-emperor-king-cosplay-costume.html	【Customize】Code Geass Lelouch Vi Britannia Lamperouge Emperor King Cosplay Costume	507.69	Rolecos	Code Geass	Lelouch Vi Britannia Lamperouge Emperor King	Long sleeves, trousers, robe, cape, hat, belt	Three-dimensional pattern	0
https://www.rolecosplay.com/the-apothecary-diaries-jinshi-cosplay-costume.html	【Size: XS-3XL】The Apothecary Diaries Jinshi Cosplay Costume	56.92	Rolecos	The Apothecary Diaries MaoMao	Jinshi	Top, Coat, pants, belt, headdress, headband	Polyester fibre	0
https://www.rolecosplay.com/delicious-in-dungeon-marcille-donato-cosplay-costume.html	Delicious In Dungeon Marcille Donato Cosplay Costume	50.21	Rolecos	Delicious In Dungeon	Marcille Donato	Clothes,shawl,waist ornament,pants,neck lace,heawear,elf ear	-	0
https://www.rolecosplay.com/fairy-tail-dragon-slayers-natsu-dragneel-after-seven-years-cosplay-costume.html	Fairy Tail Dragon Slayers Natsu Dragneel After Seven Years Cosplay Costume	68.25	-	Fairy Tail	-	-	Uniform cloth	0
https://www.rolecosplay.com/bleach-soi-fon-the-secret-remote-squad-kimono-uniform-cosplay-costumes.html	Bleach Soi Fon The Secret Remote Squad Kimono Uniform Cosplay Costumes	51.15	-	-	-	Black kimono, white kimono, pants, belt, arm sleeves	Uniform cloth	0
https://www.rolecosplay.com/dragon-ball-son-gohan-uniforms-cosplay-costume.html	Dragon Ball Son Gohan Uniforms Cosplay Costume  	109.85	-	-	-	Cloak, coat	Uniform colth	0
https://www.rolecosplay.com/cosplay-inuyasha-wolf-teeth-necklace-black-onyx.html	Cosplay Inuyasha Wolf Teeth Necklace Black Onyx	7.99	-	-	-	-	Artificial agate	0
https://www.rolecosplay.com/anime-sailor-moon-rei-hino-sailor-mars-fancy-dress-cosplay-costume.html	Anime Sailor Moon Rei Hino / Sailor Mars Fancy Dress Cosplay Costume	61.99	-	Sailor Moon	-	-	Uniform cloth	11
https://www.rolecosplay.com/sailor-jupiter-cosplay-costume-turnouts-party-dress-customized-new.html	Sailor Jupiter Cosplay Costume Turnouts Party Dress Customized New	44.99	-	-	-	Dress, bow-knot, gloves X2, headband	Uniform cloth	17
https://www.rolecosplay.com/fullmetal-alchemist-edward-elric-45cm-long-golden-cosplay-wig.html	Fullmetal Alchemist Edward Elric 45cm Long Golden Cosplay Wig	15.98	-	-	-	-	-	0
https://www.rolecosplay.com/35cm-silver-gray-short-gintama-sakata-gintoki-cosplay-wig.html	35cm Silver Gray Short Gintama Sakata Gintoki Cosplay Wig	10.5	-	-	-	-	-	4
https://www.rolecosplay.com/bungo-stray-dogs-ranpo-edogawa-armed-detective-agency-cosplay-costumes.html	Bungou Stray Dogs Ranpo Edogawa Armed Detective Agency Cosplay Costumes	57.98	-	Bungou Stray Dogs	-	-	Uniform cloth	19
https://www.rolecosplay.com/re-zero-starting-life-in-another-world-subaru-natsuki-anime-cosplay-costumes.html	Re:ZERO -Starting Life in Another World Subaru Natsuki Anime Cosplay Costumes Sports Wear	42.99	-	Re:ZERO -Starting Life in Another World	-	-	Polyester	0
https://www.rolecosplay.com/fate-apocrypha-astolfo-pink-uniform-cosplay-costumes.html	Fate/Apocrypha Fate Grand Order FGO Astolfo Pink Uniform Cosplay Costumes	27.99	Rolecos	Fate/Apocrypha	Astolfo	-	Chiffon	6
https://www.rolecosplay.com/haikyu-azumane-asahi-number-3-volleyball-sports-cosplay-costumes.html	Haikyū!! Azumane Asahi Number 3 Volleyball Sports Cosplay Costumes	21.99	Rolecos	Haikyuu!!	Azumane Asahi	-	Uniform cloth	0
https://www.rolecosplay.com/blend-s-hideri-kanzaki-anime-cosplay-costumes.html	Blend S Hideri Kanzaki Anime Green Cosplay Costumes	22.15	Rolecos	Blend S	Hideri Kanzaki	-	Uniform cloth	6
https://www.rolecosplay.com/steins-gate-0-kurisu-makise-black-cosplay-shoes.html	Steins;Gate 0 Kurisu Makise Black Cosplay Shoes	39.21	Rolecos	Steins;Gate 0	Kurisu Makise	-	PU	1
https://www.rolecosplay.com/satsuriku-no-tenshi-catherine-ward-anime-pink-and-yellow-mixed-cosplay-wigs.html	Satsuriku no Tenshi Catherine·Ward Anime Pink And Yellow Mixed Cosplay Wigs 	19.99	Rolecos	Satsuriku no Tenshi	Catherine·Ward	1pc wig +1pc free wig cap	Synthetic High Temp Fiber	3
https://www.rolecosplay.com/fruitsbasket-yuki-soma-kyo-soma-school-uniform-cosplay-costume.html	Fruits Basket Yuki soma Kyo soma School Uniform Cosplay Costume	47.99	Rolecos	Fruitsbasket	Yuki soma /Kyo soma	Top ,Pants	Uniform	1
https://www.rolecosplay.com/my-hero-academia-himiko-toga-school-uniform-cosplay-costume-only-uniform.html	BNHA MHA Himiko Toga School Uniform Cosplay Costume Only Uniform	19.99	Rolecos	BNHA	Himiko Toga	Tops, skirts, bow ties	Polyester	3
https://www.rolecosplay.com/demon-slayer-kimetsu-no-yaiba-tomioka-giyuu-kimono-cosplay-costume.html	Demon Slayer / Kimetsu no Yaiba Tomioka Giyuu Kimono Cosplay Costume	56.99	Rolecos	Demon Slaye	Tomioka Giyuu	Top, outerwear, pants, leg bands, socks, belt	polyester	8
https://www.rolecosplay.com/demon-slayer-kochou-shinobu-kimono-cosplay-costume.html	Demon Slayer Kochou Shinobu kimono Cosplay Costume	65.5	Rolecos	Demon Slayer	Kochou Shinobu	Top, pants,coat, socks, headwear, belt	polyester	16
https://www.rolecosplay.com/demon-slayer-hashibira-inosuke-blue-black-mixed-color-cosplay-wigs.html	Demon Slayer Hashibira Inosuke Blue Black Mixed Color Cosplay Wigs	13.5	Rolecos	Demon Slayer	Hashibira Inosuke	1pc wig +1pc free wig cap	Synthetic High Temp Fiber	4
https://www.rolecosplay.com/demon-slayer-tsuyuri-kanawo-female-uniform-cosplay-costume.html	【Size: L-3XL Last Batch】【In Stock】Demon Slayer Tsuyuri Kanao Female Uniform Cosplay Costume 	14.99	Rolecos	Demon Slayer	Tsuyuri Kanao	Top, skirt, shawl, neckline, butterfly headdress	Uniform	9
https://www.rolecosplay.com/demon-slayer-rengoku-kyoujurou-male-uniform-cosplay-costume.html	Demon Slayer Rengoku Kyoujurou Male Uniform Cosplay Costume	39.99	Rolecos	Demon Slayer	Rengoku Kyoujurou	Top, pants, cloak, foot covers, belt	polyester	5
https://www.rolecosplay.com/demon-slayer-tokitou-muichirou-long-straight-green-mixed-black-cosplay-wigs.html	Demon Slayer Tokitou Muichirou Long Straight Green Mixed Black  Cosplay Wigs	20.99	Rolecos	Demon Slayer	Antarcticite	1pc wig +1pc free wig cap	Synthetic High Temp Fiber	4
https://www.rolecosplay.com/toilet-bound-hanako-kun-yashiro-nene-uniform-cosplay-costume.html	【Last Batch】【In Stock】Toilet-Bound Hanako-kun Jibaku Shounen Hanako-kun Yashiro Nene Uniform Dress Cosplay Costume	15.99	Rolecos	Toilet-Bound Hanako-kun	Yashiro Nene	Dress, accessories, stocking	Uniform	8
https://www.rolecosplay.com/uchiha-sasuke-ninja-cosplay-costume.html	Uchiha Sasuke Ninja Cosplay Costume	68.99	Rolecos	-	Uchiha Sasuke	Top, pants, waist rope, wrist, shawl	Uniform	1
https://www.rolecosplay.com/jojo-s-bizarre-adventure-narancia-ghirga-cosplay-costumes.html	Narancia Ghirga Cosplay Costumes 	57.99	Rolecos	JoJo's Bizarre Adventure	Narancia Ghirga	Top, pants, apron, wrist, belt, headdress	Polyester	1
https://www.rolecosplay.com/game-genshin-impact-traveler-cosplay-costume.html	Game Genshin Impact Traveler Lumine Cosplay Costume	99.38	Rolecos	Genshin Impact	Lumine	Dress, girdle, skirt, gloves, sleeves, streamers, armor, socks	Polyester	5
https://www.rolecosplay.com/jujutsu-kaisen-ryoumen-sukuna-kimono-bathrobe-cosplay-costume.html	Jujutsu Kaisen Ryoumen Sukuna kimono Bathrobe Cosplay Costume	52.68	Rolecos	Jujutsu Kaisen	Ryoumen Sukuna	Kimono, waist seal, bib, wrist strap, Socks	Chiffon	2
https://www.rolecosplay.com/game-genshin-impact-ayaka-cosplay-costume.html	【Ready To Ship】Game Genshin Impact Ayaka Cosplay Costume	47.69	Rolecos	Genshin Impact	Ayaka	Dress, arm sleeve, socks, gloves, necklace, waist rope, skirt armor, back bow, hair accessories	-	3
https://www.rolecosplay.com/spy-family-twilight-loid-forger-cosplay-costume.html	SPY×FAMILY Twilight Loid Forger Cosplay Costume	57.84	Rolecos	SPY×FAMILY	Twilight	coat, vest, shirt, trousers, tie, gloves	Polyester	4
https://www.rolecosplay.com/my-dress-up-darling-marin-kitagawa-uniform-cosplay-costume.html	My Dress-Up Darling Marin Kitagawa Uniform Cosplay Costume	54.33	Rolecos	My Dress-Up Darling	Marin Kitagawa	Shirt, skirt, tie, socks	Uniform	5
https://www.rolecosplay.com/spy-x-family-sylvia-sherwood-cosplay-costume.html	Spy x Family Sylvia Sherwood Cosplay Costume	89.99	Rolecos	SPY×FAMILY	Sylvia Sherwood	Dress, bow tie, hat, glass, fishnet socks	Polyester fiber	0
https://www.rolecosplay.com/one-piece-film-red-uta-cosplay-costume.html	One Piece Film Red Diva Uta Cosplay Costume	34.55	Rolecos	One Piece Film Red	Diva Uta	Dress, Coat	Uniform	1
https://www.rolecosplay.com/tokyo-mew-mew-ichigo-momomiya-zakuro-fujiwara-mint-aizawa-lettuce-midorikawa-pudding-fong-maid-cosplay-costume.html	Tokyo Mew Mew Ichigo Momomiya / Zakuro Fujiwara / Mint Aizawa / Lettuce Midorikawa / Pudding Fong Maid Cosplay Costume	66.52	Rolecos	Tokyo Mew Mew	Ichigo Momomiya / Zakuro Fujiwara / Mint Aizawa / Lettuce Midorikawa / Pudding Fong	Dress, bow tie	Uniform	0
https://www.rolecosplay.com/bocchi-the-rock-hitori-gotoh-ryo-yamada-ikuyo-kita-nijika-ijichi-cosplay-costume.html	Bocchi the Rock! Hitori Gotoh/ Ryo Yamada/ Ikuyo Kita/ Nijika Ijichi Cosplay Costume	37.69	Rolecos	Bocchi the Rock!	Hitori Gotoh/ Ryo Yamada/ Ikuyo Kita/ Nijika Ijichi	Dress, bow tie, skirt	Polyester	1
https://www.rolecosplay.com/demon-slayer-iguro-obanai-kimino-cosplay-costume.html	Demon Slayer Iguro Obanai Kimino Halloween Cosplay Costume	67.35	Rolecos	Demon Slayer	Iguro Obanai	Coat, top, pants, belt, bandage	Polyester	0
https://www.rolecosplay.com/oshi-no-ko-ruby-hoshino-blonde-mixed-red-cosplay-wigs.html	Oshi no Ko Ruby Hoshino Blonde Mixed Red Cosplay Wigs	17.3	Rolecos	Oshi no Ko	Ruby Hoshino	1pc wig +1pc free wig cap	Synthetic High Temp Fiber	0
https://www.rolecosplay.com/naruto-sakura-haruno-cosplay-costume.html	Naruto Sakura Haruno Cosplay Costume	42.45	Rolecos	Naruto	Sakura Haruno	Clothes、Gloves、Headdress、Bandage、Wrist guard、Kneepad、Belt、Bandage、Shorts、Pocket、Leg Wrap	Polyester	0
https://www.rolecosplay.com/eva-asuka-ei-uniform-cosplay-costume.html	EVA Asuka Rei Uniform Cosplay Costume	39.38	Rolecos	EVA	Asuka	Dress, shirt, bow tie, headdress, bandage, socks	Leather,Polyester	0
https://www.rolecosplay.com/frieren-beyond-journey-s-end-frieren-cosplay-shoes.html	Frieren Beyond Journey's End Frieren Cosplay Shoes	39.99	Rolecos	-	Frieren Beyond Journey's End Frieren	-	-	0
https://www.rolecosplay.com/frieren-beyond-journey-s-end-stark-cosplay-costume.html	Frieren Beyond Journey's End Stark Cosplay Costume	48.92	Rolecos	Frieren Beyond Journey's End Stark	Stark	Coat,underwear,pants,waistband,gloves,braces	-	0
https://www.rolecosplay.com/hazbin-hotel-angel-dust-black-outfit-cosplay-costume.html	Hazbin Hotel Angel Dust Black Outfit Cosplay Costume	36.38	Rolecos	Hazbin Hotel	Angel Dust	Jumpsuit,scarf,bra,socks,gloves	-	0
https://www.rolecosplay.com/2014-new-arrival-anime-25cm-short-cherry-red-fairy-tail-natsu-dragneel-cosplay-wig.html	Anime 25cm Short Cherry red FAIRY TAIL Natsu Dragneel Cosplay Wig	14.56	-	-	FAIRY TAIL Natsu Dragneel	-	-	0
https://www.rolecosplay.com/fairy-tail-gray-fullbuster-cosplay-costume.html	Fairy Tail Gray Fullbuster White Cosplay Costume	54.99	Rolecos	Fairy Tail	Gray Fullbuster	-	Uniform cloth	0
https://www.rolecosplay.com/fairy-tail-lucy-heartfilia-after-seven-years-cosplay-costume.html	Fairy Tail Lucy Heartfilia After Seven Years Cosplay Costume	52.36	Rolecos	Fairy Tail	Lucy Heartfilia	-	Uniform cloth	0
https://www.rolecosplay.com/inuyasha-kikyo-miko-kimono-cosplay-costume.html	InuYasha Kikyo Miko Kimono Cosplay Costume	25.96	-	-	-	Top, pants, belt,bowknot	Uniform colth	2
https://www.rolecosplay.com/bracelet-inuyasha-wristband-wristband.html	Bracelet Inuyasha Wristband Wristband	6.89	-	-	-	-	Artificial agate	0
https://www.rolecosplay.com/black-butler-cosplay-costumes-dress-princess-pink.html	Black Butler Ciel Phantomhive Cosplay Costumes Pink Princess Dress	59.99	Rolecos	Black Butler	Ciel Phantomhive	-	Uniform cloth	1
https://www.rolecosplay.com/sailor-moon-sailor-jupiter-kino-makoto-cosplay-shoes-green-boots-tailor-made.html	Sailor Moon Sailor Jupiter Kino Makoto Cosplay Shoes Green Boots Tailor Made	39.99	-	-	-	-	-	1
https://www.rolecosplay.com/high-school-dxd-rias-gremory-anime-costume-womens.html	High School DXD Rias Gremory Anime Costume Womens	63.26	Rolecos	High School DXD	Rias Gremory	-	Chiffon	0
https://www.rolecosplay.com/115cm-long-pink-seraph-of-the-end-krul-tepes-cosplay-wig.html	115cm Long Pink Seraph of the End Krul Tepes Cosplay Wig	24.69	-	Seraph of the End	Krul Tepes	1pc wig +1pc free wig cap	Synthetic High Temp Fiber	8
https://www.rolecosplay.com/anime-code-geass-c-c-queen-dress-cosplay-costume.html	Code Geass C.C. Queen Dress Anime Cosplay Costume	118.99	Rolecos	Code Geass	C.C. Queen	-	Uniform cloth	1
https://www.rolecosplay.com/seraph-of-the-end-guren-ichinose-cosplay-costume.html	Seraph of the End Guren Ichinose Cosplay Costume	42.56	Rolecos	Seraph of the End	Guren Ichinose	-	Uniform cloth	1
https://www.rolecosplay.com/fullmetal-alchemist-brotherhood-winry-rockbell-cosplay-costume-customize-made.html	Fullmetal Alchemist Brotherhood Winry Rockbell  Cosplay Costume Custom Made	68.73	-	-	-	vests, coats, pants, kerchief, gloves	Uniform cloth	0
https://www.rolecosplay.com/code-geass-lelouch-of-britannia-zero-cosplay-costume-custom-made.html	Code Geass Lelouch of Britannia Zero Cosplay Costume Custom Made	79.99	-	-	-	Top, pant, cloak, gloves, scarf, shoe cover	Uniform cloth	0
https://www.rolecosplay.com/35cm-black-curly-hitman-reborn-ranbo-cosplay-wig.html	35cm Black Curly Hitman Reborn Ranbo Cosplay Wig	15.47	-	-	-	-	-	2
https://www.rolecosplay.com/steins-gate-makise-kurisu-cosplay-costume.html	Steins;Gate 0 Kurisu Makise Cosplay Costume	54.99	Rolecos	Steins;Gate 0	Makise Kurisu	-	Uniform cloth	0
https://www.rolecosplay.com/world-trigger-mikumo-osamu-cosplay-costume.html	World Trigger Mikumo Osamu BlueCosplay Costumes	68.99	Rolecos	World Trigger	Mikumo Osamu	-	Uniform cloth	0
https://www.rolecosplay.com/haikyu-tobio-kageyama-number-9-volleyball-sports-cosplay-costumes.html	Haikyū!! Tobio Kageyama Number 9 Volleyball Sports Cosplay Costumes	21.59	Rolecos	Haikyū!!	Tobio Kageyama	-	Uniform cloth	2
https://www.rolecosplay.com/bungou-stray-dogs-akiko-yosano-armed-detective-agency-cosplay-costumes.html	Bungou Stray Dogs Akiko Yosano Armed Detective Agency Cosplay Costumes	42.98	-	-	-	Shirt, dress, tie	Uniform cloth	11
https://www.rolecosplay.com/my-hero-academia-katsuki-bakugo-anime-cosplay-costumes-leotards.html	【Last Batch】【Size: S In Stock】BNHA MHA Katsuki Bakugō Anime Cosplay Costumes Leotards	9.99	Rolecos	BNHA	Katsuki Bakugō	-	Uniform cloth	29
https://www.rolecosplay.com/boruto-naruto-the-movie-naruto-uzumaki-cosplay-shoes.html	 Naruto Uzumaki Cosplay Shoes	41.990000	-	-	-	-	-	0
https://www.rolecosplay.com/bungou-stray-dogs-chuya-nakahara-short-orange-medium-wavy-cosplay-wigs.html	Bungou Stray Dogs Chuya Nakahara Short Orange Medium Wavy Cosplay Wigs	17.68	Rolecos	Bungou Stray Dogs	Chuya Nakahara	1pc wig +1pc free wig cap	Synthetic High Temp Fiber	2
https://www.rolecosplay.com/miss-kobayashi-s-dragon-maid-kanna-kobayashi-synthetic-long-purple-anime-cosplay-wigs.html	Miss Kobayashi's Dragon Maid Kanna Kobayashi Synthetic Long Purple Anime Cosplay Wigs	26.880000	Rolecosplay	Miss Kobayashi's Dragon Maid	-	-	-	15
https://www.rolecosplay.com/black-butler-ciel-phantomhive-long-blue-grey-cosplay-hair.html	Black Butler Ciel Phantomhive Long Blue Grey Cosplay Hair	21.98	Rolecos	Black Butler	-	-	-	0
https://www.rolecosplay.com/miss-kobayashi-s-dragon-maid-kanna-kobayashi-lovely-cosplay-headwear.html	Miss Kobayashi's Dragon Maid Kanna Kobayashi Lovely Cosplay Headwear	7.55	Rolecos	Miss Kobayashi's Dragon Maid	Kanna Kobayashi	-	PP cotton	2
https://www.rolecosplay.com/miss-kobayashi-s-dragon-maid-quetzalcoatl-lucoa-pink-cosplay-hat.html	Miss Kobayashi's Dragon Maid Quetzalcoatl Lucoa Pink Cosplay Hat	23.54	Rolecos	Miss Kobayashi's Dragon Maid	Quetzalcoatl Lucoa	-	PVC and Cotton	0
https://www.rolecosplay.com/fate-grand-order-tamamo-no-mae-cosplay-costumes.html	Fate/Grand Order Tamamo no Mae Cosplay Costumes	69.89	Rolecos	Fate	Tamamo no Mae	-	Uniform cloth	6
https://www.rolecosplay.com/persona-5-joker-black-uniform-suit-game-cosplay-costumes.html	Persona 5 Joker Black Uniform Suit Game Cosplay Costumes	59.66	Rolecos	-	Joker	-	Uniform cloth	0
https://www.rolecosplay.com/futaba-sakura-persona5-the-animation-cosplay-costumes.html	Futaba Sakura Persona 5  Brown Game Cosplay Costumes	72.98	Rolecos	-	Futaba Sakura	-	Cotton	1
https://www.rolecosplay.com/love-live-bouquet-awaken-sonoda-umi-blue-dress-anime-cosplay-costumes.html	Love Live Bouquet Awaken Sonoda Umi Blue Dress Anime Cosplay Costumes	109.99	Rolecos	Love Live Bouquet Awaken	Sonoda Umi	-	Uniform cloth	2
https://www.rolecosplay.com/fate-apocrypha-astolfo-pink-long-braid-cosplay-wigs.html	Fate Apocrypha Astolfo Pink Long Braid Cosplay Wigs With Head Wear	16.66	Rolecos	Fate/Apocrypha	Astolfo	1pc wig +1pc free wig cap	Synthetic High Temp Fiber	6
https://www.rolecosplay.com/kakegurui-midari-ikishima-short-purple-mixed-black-anime-cosplay-woman-wigs.html	Kakegurui Midari Ikishima Short Purple Mixed Black Anime Cosplay Woman Wigs	16.99	Rolecos	Kakegurui	Midari Ikishima	1pc wig +1pc free wig cap	Synthetic High Temp Fiber	0
https://www.rolecosplay.com/blend-s-sakuranomiya-maika-anime-cosplay-costumes.html	Blend S Sakuranomiya Maika Anime Cosplay Costumes	32.74	Rolecos	Blend S	Sakuranomiya Maika	Dress, socks, gloves, apron, (random: hair ornaments)	Uniform cloth	3
https://www.rolecosplay.com/maho-tsukai-no-yome-chise-hatori-cosplay-red-wigs.html	【Last Batch】【In Stock】Mahō Tsukai no Yome Chise Hatori Cosplay Red Wigs	5.5	Rolecos	Mahō Tsukai no Yome	Chise Hatori	1pc wig +1pc free wig cap	Synthetic High Temp Fiber	6
https://www.rolecosplay.com/land-of-the-lustrous-phosphophyllite-short-green-synthetic-anime-cosplay-woman-wigs.html	Houseki no Kuni Phos Cosplay Wigs Land of the Lustrous Short Green Synthetic Anime Wigs	15.37	Rolecos	Land of the Lustrous	Phosphophyllite	1pc wig +1pc free wig cap	Synthetic High Temp Fiber	5
https://www.rolecosplay.com/cardcaptor-sakura-sakura-kinomoto-cosplay-wigs.html	Cardcaptor Sakura Sakura Kinomoto Cosplay Wigs	6.16	Rolecos	Cardcaptor Sakura	Sakura Kinomoto	1pc wig +1pc free wig cap	Synthetic High Temp Fiber	5
https://www.rolecosplay.com/land-of-the-lustrous-houseki-no-kuni-amethyst-short-purple-cosplay-wigs.html	Land of the Lustrous Houseki no Kuni Amethyst Short Purple Cosplay Wigs	16.85	Rolecos	Land of the Lustrous	Amethyst	1pc wig +1pc free wig cap	Synthetic High Temp Fiber	4
https://www.rolecosplay.com/blend-s-mafuyu-hoshikawa-yellow-anime-cosplay-costumes.html	Blend S Mafuyu Hoshikawa Yellow Anime Cosplay Costumes	29.99	Rolecos	Blend S	Mafuyu Hoshikawa	-	Uniform cloth	2
https://www.rolecosplay.com/blend-s-miu-amano-purple-anime-cosplay-costumes.html	Blend S Miu Amano Purple Anime Cosplay Costumes	29.99	Rolecos	Blend S	Miu Amano	-	Uniform cloth	1
https://www.rolecosplay.com/darling-in-the-franxx-anime-cosplay-02-zero-two-swimwear-set.html	DARLING in the FRANXX Anime Cosplay 02 Zero Two Swimwear Set	38.99	Rolecos	DARLING in the FRANXX	Zero Two	Swimsuit	Swimsuit fabric	4
https://www.rolecosplay.com/sailor-moon-kino-makoto-long-brown-cosplay-wig.html	Sailor Moon Kino Makoto Long Brown Cosplay Wig	18.99	Rolecos	Sailor Moon	Kino Makoto	1pc wig +1pc free wig cap	Synthetic High Temp Fiber	0
https://www.rolecosplay.com/free-iwatobi-swim-club-nanase-haruka-black-short-cosplay-wig.html	Free! Iwatobi Swim Club Nanase Haruka Black Short Cosplay Wig	14.88	Rolecos	Free! Iwatobi Swim Club	Nanase Haruka	1pc wig +1pc free wig cap	Synthetic High Temp Fiber	0
https://www.rolecosplay.com/inuyasha-sesshomaru-silver-long-cosplay-wig.html	Inuyasha Sesshomaru White Long Straight Cosplay Wigs	13.21	Rolecos	Inuyasha	Sesshomaru/Inuyasha	1pc wig +1pc free wig cap	Synthetic High Temp Fiber	2
https://www.rolecosplay.com/hataraku-saibou-ae3803-work-costume-anime-cosplay-costume.html	Hataraku Saibou Red Blood Cell Costumes Cells At Work Anime Cosplay 	55.99	Rolecos	Hataraku Saibou	AE3803	Hat, jacket, vest, waist bag, belt, shorts	Uniform	10
https://www.rolecosplay.com/overlord-albedo-white-dress-cosplay-costume.html	Overlord Albedo White dress Cosplay Costume	71.620000	Rolecos	Overlord	Albedo	Tops, skirts, collars, chains,  gloves	polyester	6
https://www.rolecosplay.com/re-zero-starting-life-in-another-world-rem-ram-anime-bunny-girl-cosplay-costumes.html	Re:ZERO -Starting Life in Another World Rem Ram Anime Bunny Girl Cosplay Costumes 	50.86	Rolecos	Re:ZERO -Starting Life in Another World	Rem Ram	Onesies, collars, armbands, rabbit ears, bracelets, aprons, bows, rabbit tails, socks	Spandex	4
